{"simplices": [[0], [1], [2], [3], [0, 1], [0, 2], [1, 3], [2, 3], [1, 2], [0, 1, 2], [0, 3], [0, 1, 3], [0, 2, 3], [1, 2, 3]], "appears_at": [0.0, 0.0, 0.0, 0.0, 1.0, 1.0, 1.0, 1.0, 1.4142135623730951, 1.4142135623730951, 1.4142135623730951, 1.4142135623730951, 1.4142135623730951, 1.4142135623730951]}