{"appears_at":[0.0,0.0,0.0,0.0,1.0,1.0,1.0,1.0,1.4142135623730951,1.4142135623730951,1.4142135623730951,1.4142135623730951,1.4142135623730951,1.4142135623730951],"simplices":[[1],[2],[3],[4],[1,2],[1,3],[2,4],[3,4],[1,4],[2,3],[1,2,4],[1,2,3],[1,3,4],[2,3,4]]}